{
  "tags" : [
    {
      "ID" : 25,
      "pose" : {
        "translation" : {
          "x" : 4.005198955535889,
          "y" : 4.377391815185547,
          "z" : 1.123642086982727
        },
        "rotation" : {
          "quaternion" : {
            "W" : -0.009136345237493515,
            "X" : 0.0003760455874726176,
            "Y" : -0.0020588801708072424,
            "Z" : 0.9999560713768005
          }
        }
      }
    },
    {
      "ID" : 26,
      "pose" : {
        "translation" : {
          "x" : 4.007865905761719,
          "y" : 4.021353244781494,
          "z" : 1.1239500045776367
        },
        "rotation" : {
          "quaternion" : {
            "W" : 0.0,
            "X" : 0.0,
            "Y" : 0.0,
            "Z" : 1.0
          }
        }
      }
    }
  ],
  "field" : {
    "length" : 16.518,
    "width" : 8.043
  },
  "_comment" : "generated by PractiCal 1.0.4 (8) on 2/14/2026"
}